id,name,users
IND,India,"6,617"
USA,United States,"5,690"
DEU,Germany,"1,698"
GBR,United Kingdom,"1,535"
FRA,France,"1,413"
PAK,Pakistan,"1,199"
BRA,Brazil,"1,178"
UKR,Ukraine,"1,109"
NLD,Netherlands,964
ESP,Spain,952
CAN,Canada,934
POL,Poland,919
VNM,Vietnam,907
TUR,Turkey,884
ITA,Italy,836
RUS,Russia,755
AUS,Australia,733
KOR,South Korea,733
IDN,Indonesia,708
THA,Thailand,622
BGD,Bangladesh,613
SWE,Sweden,606
MEX,Mexico,575
PHL,Philippines,538
ISR,Israel,513
BEL,Belgium,503
ARG,Argentina,463
ROU,Romania,423
CZE,Czechia,407
TWN,Taiwan,388
MYS,Malaysia,386
CHE,Switzerland,374
JPN,Japan,364
PRT,Portugal,359
COL,Colombia,353
EGY,Egypt,344
HKG,Hong Kong,342
DNK,Denmark,324
SRB,Serbia,319
AUT,Austria,318
NOR,Norway,295
ZAF,South Africa,287
NGA,Nigeria,284
HUN,Hungary,267
ARE,United Arab Emirates,259
GRC,Greece,242
BGR,Bulgaria,237
SGP,Singapore,236
FIN,Finland,235
LKA,Sri Lanka,217
BLR,Belarus,211
PER,Peru,209
CHL,Chile,196
MAR,Morocco,195
SAU,Saudi Arabia,178
ARM,Armenia,164
TUN,Tunisia,162
HRV,Croatia,157
IRL,Ireland,152
CHN,China,147
LTU,Lithuania,145
SVK,Slovakia,140
NZL,New Zealand,139
NPL,Nepal,137
IRN,Iran,123
MKD,North Macedonia,117
BIH,Bosnia & Herzegovina,116
KEN,Kenya,113
MMR,Myanmar (Burma),109
EST,Estonia,98
UZB,Uzbekistan,98
GEO,Georgia,97
LVA,Latvia,87
SVN,Slovenia,84
LBN,Lebanon,79
CRI,Costa Rica,78
KAZ,Kazakhstan,78
KHM,Cambodia,77
MDA,Moldova,77
DZA,Algeria,74
ECU,Ecuador,73
AZE,Azerbaijan,70
JOR,Jordan,70
PSE,Palestine,58
URY,Uruguay,58
OSA,Kosovo,58
CYP,Cyprus,57
GHA,Ghana,56
VEN,Venezuela,53
UGA,Uganda,47
ETH,Ethiopia,43
IRQ,Iraq,43
MLT,Malta,40
MUS,Mauritius,39
GTM,Guatemala,38
ALB,Albania,37
BOL,Bolivia,36
MDG,Madagascar,36
MNG,Mongolia,36
QAT,Qatar,36
TZA,Tanzania,35
CMR,Cameroon,33
KWT,Kuwait,32
DOM,Dominican Republic,31
ISL,Iceland,31
SLV,El Salvador,31
SYR,Syria,29
CIV,Cote d'Ivoire,27
KGZ,Kyrgyzstan,27
OMN,Oman,27
PAN,Panama,27
BHR,Bahrain,22
ZWE,Zimbabwe,22
AFG,Afghanistan,20
LUX,Luxembourg,20
YEM,Yemen,20
CUB,Cuba,19
SEN,Senegal,19
MNE,Montenegro,18
AGO,Angola,16
JAM,Jamaica,16
NIC,Nicaragua,16
PRI,Puerto Rico,15
PRY,Paraguay,15
SOM,Somalia,14
BEN,Benin,13
RWA,Rwanda,13
HND,Honduras,12
LAO,Laos,12
REU,Reunion,12
SDN,Sudan,10
BWA,Botswana,9
MDV,Maldives,9
HTI,Haiti,8
TTO,Trinidad & Tobago,8
LSO,Lesotho,7
LBY,Libya,7
MWI,Malawi,7
ZMB,Zambia,7
MAC,Macao,6
MOZ,Mozambique,6
PNG,Papua New Guinea,6
TGO,Togo,6
BRB,Barbados,5
FJI,Fiji,5
LCA,St. Lucia,5
TJK,Tajikistan,5
BRN,Brunei,4
BTN,Bhutan,4
COD,Congo - Kinshasa,4
SYC,Seychelles,4
CPV,Cape Verde,3
GAB,Gabon,3
GUY,Guyana,3
MLI,Mali,3
BFA,Burkina Faso,2
BHS,Bahamas,2
DJI,Djibouti,2
FRO,Faroe Islands,2
GGY,Guernsey,2
GRL,Greenland,2
GMB,Gambia,2
GIN,Guinea,2
JEY,Jersey,2
CYM,Cayman Islands,2
LIE,Liechtenstein,2
LBR,Liberia,2
NAM,Namibia,2
NCL,New Caledonia,2
SLE,Sierra Leone,2
SUR,Suriname,2
TLS,Timor-Leste,2
AND,Andorra,1
ASM,American Samoa,1
ABW,Aruba,1
BLZ,Belize,1
CUW,Curacao,1
ESH,Western Sahara,1
GRD,Grenada,1
GUF,French Guiana,1
GIB,Gibraltar,1
GLP,Guadeloupe,1
GNQ,Equatorial Guinea,1
GUM,Guam,1
COM,Comoros,1
MCO,Monaco,1
MTQ,Martinique,1
MRT,Mauritania,1
PLW,Palau,1
SLB,Solomon Islands,1
SMR,San Marino,1
SWZ,Eswatini,1
TCD,Chad,1
TKM,Turkmenistan,1
VCT,St. Vincent & Grenadines,1
VGB,British Virgin Islands,1
VIR,U.S. Virgin Islands,1
VUT,Vanuatu,1
